{
  "hash": "a2d670f8",
  "configHash": "72dfaaac",
  "lockfileHash": "e0f15092",
  "browserHash": "2fe7e277",
  "optimized": {
    "@angular/common": {
      "src": "../../../../../node_modules/@angular/common/fesm2022/common.mjs",
      "file": "@angular_common.js",
      "fileHash": "09e72941",
      "needsInterop": false
    },
    "@angular/common/http": {
      "src": "../../../../../node_modules/@angular/common/fesm2022/http.mjs",
      "file": "@angular_common_http.js",
      "fileHash": "72eb4f63",
      "needsInterop": false
    },
    "@angular/core": {
      "src": "../../../../../node_modules/@angular/core/fesm2022/core.mjs",
      "file": "@angular_core.js",
      "fileHash": "d2279169",
      "needsInterop": false
    },
    "@angular/forms": {
      "src": "../../../../../node_modules/@angular/forms/fesm2022/forms.mjs",
      "file": "@angular_forms.js",
      "fileHash": "9b966008",
      "needsInterop": false
    },
    "@angular/material/button": {
      "src": "../../../../../node_modules/@angular/material/fesm2022/button.mjs",
      "file": "@angular_material_button.js",
      "fileHash": "2057f8b3",
      "needsInterop": false
    },
    "@angular/material/card": {
      "src": "../../../../../node_modules/@angular/material/fesm2022/card.mjs",
      "file": "@angular_material_card.js",
      "fileHash": "e0cc4cc3",
      "needsInterop": false
    },
    "@angular/material/dialog": {
      "src": "../../../../../node_modules/@angular/material/fesm2022/dialog.mjs",
      "file": "@angular_material_dialog.js",
      "fileHash": "1fac7f99",
      "needsInterop": false
    },
    "@angular/material/form-field": {
      "src": "../../../../../node_modules/@angular/material/fesm2022/form-field.mjs",
      "file": "@angular_material_form-field.js",
      "fileHash": "1aeeb64b",
      "needsInterop": false
    },
    "@angular/material/icon": {
      "src": "../../../../../node_modules/@angular/material/fesm2022/icon.mjs",
      "file": "@angular_material_icon.js",
      "fileHash": "af88b727",
      "needsInterop": false
    },
    "@angular/material/input": {
      "src": "../../../../../node_modules/@angular/material/fesm2022/input.mjs",
      "file": "@angular_material_input.js",
      "fileHash": "b3791b4f",
      "needsInterop": false
    },
    "@angular/material/list": {
      "src": "../../../../../node_modules/@angular/material/fesm2022/list.mjs",
      "file": "@angular_material_list.js",
      "fileHash": "832950c9",
      "needsInterop": false
    },
    "@angular/material/menu": {
      "src": "../../../../../node_modules/@angular/material/fesm2022/menu.mjs",
      "file": "@angular_material_menu.js",
      "fileHash": "51b52ba6",
      "needsInterop": false
    },
    "@angular/material/paginator": {
      "src": "../../../../../node_modules/@angular/material/fesm2022/paginator.mjs",
      "file": "@angular_material_paginator.js",
      "fileHash": "2af990e5",
      "needsInterop": false
    },
    "@angular/material/snack-bar": {
      "src": "../../../../../node_modules/@angular/material/fesm2022/snack-bar.mjs",
      "file": "@angular_material_snack-bar.js",
      "fileHash": "de006f62",
      "needsInterop": false
    },
    "@angular/material/table": {
      "src": "../../../../../node_modules/@angular/material/fesm2022/table.mjs",
      "file": "@angular_material_table.js",
      "fileHash": "0e4d6e99",
      "needsInterop": false
    },
    "@angular/material/toolbar": {
      "src": "../../../../../node_modules/@angular/material/fesm2022/toolbar.mjs",
      "file": "@angular_material_toolbar.js",
      "fileHash": "4dd34bfa",
      "needsInterop": false
    },
    "@angular/platform-browser": {
      "src": "../../../../../node_modules/@angular/platform-browser/fesm2022/platform-browser.mjs",
      "file": "@angular_platform-browser.js",
      "fileHash": "11b7427f",
      "needsInterop": false
    },
    "@angular/platform-browser/animations": {
      "src": "../../../../../node_modules/@angular/platform-browser/fesm2022/animations.mjs",
      "file": "@angular_platform-browser_animations.js",
      "fileHash": "b9d3b65b",
      "needsInterop": false
    },
    "@angular/router": {
      "src": "../../../../../node_modules/@angular/router/fesm2022/router.mjs",
      "file": "@angular_router.js",
      "fileHash": "d2ba95bf",
      "needsInterop": false
    },
    "js-base64": {
      "src": "../../../../../node_modules/js-base64/base64.mjs",
      "file": "js-base64.js",
      "fileHash": "f54f8caa",
      "needsInterop": false
    },
    "ng2-charts": {
      "src": "../../../../../node_modules/ng2-charts/fesm2020/ng2-charts.mjs",
      "file": "ng2-charts.js",
      "fileHash": "4bd01c92",
      "needsInterop": false
    },
    "rxjs": {
      "src": "../../../../../node_modules/rxjs/dist/esm5/index.js",
      "file": "rxjs.js",
      "fileHash": "17afe849",
      "needsInterop": false
    },
    "rxjs/operators": {
      "src": "../../../../../node_modules/rxjs/dist/esm5/operators/index.js",
      "file": "rxjs_operators.js",
      "fileHash": "ed347f90",
      "needsInterop": false
    },
    "xng-breadcrumb": {
      "src": "../../../../../node_modules/xng-breadcrumb/fesm2022/xng-breadcrumb.mjs",
      "file": "xng-breadcrumb.js",
      "fileHash": "73d50e8f",
      "needsInterop": false
    }
  },
  "chunks": {
    "chunk-ZHQQ572P": {
      "file": "chunk-ZHQQ572P.js"
    },
    "chunk-ZHMX2CXZ": {
      "file": "chunk-ZHMX2CXZ.js"
    },
    "chunk-VPCQ5PYK": {
      "file": "chunk-VPCQ5PYK.js"
    },
    "chunk-VESMS3ZH": {
      "file": "chunk-VESMS3ZH.js"
    },
    "chunk-3JUEPVUM": {
      "file": "chunk-3JUEPVUM.js"
    },
    "chunk-LL7GYJFX": {
      "file": "chunk-LL7GYJFX.js"
    },
    "chunk-QAGUJGQW": {
      "file": "chunk-QAGUJGQW.js"
    },
    "chunk-LGLKXLZL": {
      "file": "chunk-LGLKXLZL.js"
    },
    "chunk-DAFCNQVE": {
      "file": "chunk-DAFCNQVE.js"
    },
    "chunk-PXYLYBKE": {
      "file": "chunk-PXYLYBKE.js"
    },
    "chunk-LO6KJQ3R": {
      "file": "chunk-LO6KJQ3R.js"
    },
    "chunk-RLQFD3N7": {
      "file": "chunk-RLQFD3N7.js"
    },
    "chunk-VJ52UD7S": {
      "file": "chunk-VJ52UD7S.js"
    },
    "chunk-MOY5LPCH": {
      "file": "chunk-MOY5LPCH.js"
    },
    "chunk-MJQNUHK2": {
      "file": "chunk-MJQNUHK2.js"
    },
    "chunk-SAI3DHVA": {
      "file": "chunk-SAI3DHVA.js"
    },
    "chunk-J4B6MK7R": {
      "file": "chunk-J4B6MK7R.js"
    }
  }
}