{
  "hash": "f8e7e873",
  "configHash": "b19297d3",
  "lockfileHash": "e0f15092",
  "browserHash": "8191d6be",
  "optimized": {
    "@angular/common": {
      "src": "../../../../../node_modules/@angular/common/fesm2022/common.mjs",
      "file": "@angular_common.js",
      "fileHash": "c06556fe",
      "needsInterop": false
    },
    "@angular/common/http": {
      "src": "../../../../../node_modules/@angular/common/fesm2022/http.mjs",
      "file": "@angular_common_http.js",
      "fileHash": "84af4d17",
      "needsInterop": false
    },
    "@angular/core": {
      "src": "../../../../../node_modules/@angular/core/fesm2022/core.mjs",
      "file": "@angular_core.js",
      "fileHash": "e9525b15",
      "needsInterop": false
    },
    "@angular/forms": {
      "src": "../../../../../node_modules/@angular/forms/fesm2022/forms.mjs",
      "file": "@angular_forms.js",
      "fileHash": "6a9f0b37",
      "needsInterop": false
    },
    "@angular/material/button": {
      "src": "../../../../../node_modules/@angular/material/fesm2022/button.mjs",
      "file": "@angular_material_button.js",
      "fileHash": "b453ffe7",
      "needsInterop": false
    },
    "@angular/material/card": {
      "src": "../../../../../node_modules/@angular/material/fesm2022/card.mjs",
      "file": "@angular_material_card.js",
      "fileHash": "a81d6b65",
      "needsInterop": false
    },
    "@angular/material/dialog": {
      "src": "../../../../../node_modules/@angular/material/fesm2022/dialog.mjs",
      "file": "@angular_material_dialog.js",
      "fileHash": "593679a4",
      "needsInterop": false
    },
    "@angular/material/form-field": {
      "src": "../../../../../node_modules/@angular/material/fesm2022/form-field.mjs",
      "file": "@angular_material_form-field.js",
      "fileHash": "2a13c9f6",
      "needsInterop": false
    },
    "@angular/material/icon": {
      "src": "../../../../../node_modules/@angular/material/fesm2022/icon.mjs",
      "file": "@angular_material_icon.js",
      "fileHash": "6e133152",
      "needsInterop": false
    },
    "@angular/material/input": {
      "src": "../../../../../node_modules/@angular/material/fesm2022/input.mjs",
      "file": "@angular_material_input.js",
      "fileHash": "af8e49bf",
      "needsInterop": false
    },
    "@angular/material/list": {
      "src": "../../../../../node_modules/@angular/material/fesm2022/list.mjs",
      "file": "@angular_material_list.js",
      "fileHash": "4e8254e6",
      "needsInterop": false
    },
    "@angular/material/menu": {
      "src": "../../../../../node_modules/@angular/material/fesm2022/menu.mjs",
      "file": "@angular_material_menu.js",
      "fileHash": "8d4911f5",
      "needsInterop": false
    },
    "@angular/material/paginator": {
      "src": "../../../../../node_modules/@angular/material/fesm2022/paginator.mjs",
      "file": "@angular_material_paginator.js",
      "fileHash": "93ed15d4",
      "needsInterop": false
    },
    "@angular/material/table": {
      "src": "../../../../../node_modules/@angular/material/fesm2022/table.mjs",
      "file": "@angular_material_table.js",
      "fileHash": "003585d3",
      "needsInterop": false
    },
    "@angular/material/toolbar": {
      "src": "../../../../../node_modules/@angular/material/fesm2022/toolbar.mjs",
      "file": "@angular_material_toolbar.js",
      "fileHash": "647327cf",
      "needsInterop": false
    },
    "@angular/platform-browser": {
      "src": "../../../../../node_modules/@angular/platform-browser/fesm2022/platform-browser.mjs",
      "file": "@angular_platform-browser.js",
      "fileHash": "cace51f1",
      "needsInterop": false
    },
    "@angular/platform-browser/animations": {
      "src": "../../../../../node_modules/@angular/platform-browser/fesm2022/animations.mjs",
      "file": "@angular_platform-browser_animations.js",
      "fileHash": "06506249",
      "needsInterop": false
    },
    "@angular/router": {
      "src": "../../../../../node_modules/@angular/router/fesm2022/router.mjs",
      "file": "@angular_router.js",
      "fileHash": "61f33413",
      "needsInterop": false
    },
    "js-base64": {
      "src": "../../../../../node_modules/js-base64/base64.mjs",
      "file": "js-base64.js",
      "fileHash": "99f32bd7",
      "needsInterop": false
    },
    "ng2-charts": {
      "src": "../../../../../node_modules/ng2-charts/fesm2020/ng2-charts.mjs",
      "file": "ng2-charts.js",
      "fileHash": "266240e2",
      "needsInterop": false
    },
    "rxjs": {
      "src": "../../../../../node_modules/rxjs/dist/esm5/index.js",
      "file": "rxjs.js",
      "fileHash": "128dcec9",
      "needsInterop": false
    },
    "rxjs/operators": {
      "src": "../../../../../node_modules/rxjs/dist/esm5/operators/index.js",
      "file": "rxjs_operators.js",
      "fileHash": "b6b49d39",
      "needsInterop": false
    },
    "xng-breadcrumb": {
      "src": "../../../../../node_modules/xng-breadcrumb/fesm2022/xng-breadcrumb.mjs",
      "file": "xng-breadcrumb.js",
      "fileHash": "02ba7621",
      "needsInterop": false
    }
  },
  "chunks": {
    "chunk-ZHQQ572P": {
      "file": "chunk-ZHQQ572P.js"
    },
    "chunk-2XY6TFGQ": {
      "file": "chunk-2XY6TFGQ.js"
    },
    "chunk-ZHMX2CXZ": {
      "file": "chunk-ZHMX2CXZ.js"
    },
    "chunk-W43I3IYQ": {
      "file": "chunk-W43I3IYQ.js"
    },
    "chunk-MHG4WCHW": {
      "file": "chunk-MHG4WCHW.js"
    },
    "chunk-LL7GYJFX": {
      "file": "chunk-LL7GYJFX.js"
    },
    "chunk-SGALLQLN": {
      "file": "chunk-SGALLQLN.js"
    },
    "chunk-NYOTRHKY": {
      "file": "chunk-NYOTRHKY.js"
    },
    "chunk-DAFCNQVE": {
      "file": "chunk-DAFCNQVE.js"
    },
    "chunk-PXYLYBKE": {
      "file": "chunk-PXYLYBKE.js"
    },
    "chunk-LO6KJQ3R": {
      "file": "chunk-LO6KJQ3R.js"
    },
    "chunk-RLQFD3N7": {
      "file": "chunk-RLQFD3N7.js"
    },
    "chunk-VJ52UD7S": {
      "file": "chunk-VJ52UD7S.js"
    },
    "chunk-MOY5LPCH": {
      "file": "chunk-MOY5LPCH.js"
    },
    "chunk-MJQNUHK2": {
      "file": "chunk-MJQNUHK2.js"
    },
    "chunk-SAI3DHVA": {
      "file": "chunk-SAI3DHVA.js"
    },
    "chunk-J4B6MK7R": {
      "file": "chunk-J4B6MK7R.js"
    }
  }
}