{
  "hash": "aaaee0e6",
  "configHash": "b91b43a9",
  "lockfileHash": "16be9829",
  "browserHash": "e7ac9136",
  "optimized": {
    "@angular/common": {
      "src": "../../../../../node_modules/@angular/common/fesm2022/common.mjs",
      "file": "@angular_common.js",
      "fileHash": "ed7f9caa",
      "needsInterop": false
    },
    "@angular/common/http": {
      "src": "../../../../../node_modules/@angular/common/fesm2022/http.mjs",
      "file": "@angular_common_http.js",
      "fileHash": "cba26a9f",
      "needsInterop": false
    },
    "@angular/core": {
      "src": "../../../../../node_modules/@angular/core/fesm2022/core.mjs",
      "file": "@angular_core.js",
      "fileHash": "cf4f4395",
      "needsInterop": false
    },
    "@angular/forms": {
      "src": "../../../../../node_modules/@angular/forms/fesm2022/forms.mjs",
      "file": "@angular_forms.js",
      "fileHash": "7042ca95",
      "needsInterop": false
    },
    "@angular/material/button": {
      "src": "../../../../../node_modules/@angular/material/fesm2022/button.mjs",
      "file": "@angular_material_button.js",
      "fileHash": "f55eafd3",
      "needsInterop": false
    },
    "@angular/material/card": {
      "src": "../../../../../node_modules/@angular/material/fesm2022/card.mjs",
      "file": "@angular_material_card.js",
      "fileHash": "fef25c8c",
      "needsInterop": false
    },
    "@angular/material/dialog": {
      "src": "../../../../../node_modules/@angular/material/fesm2022/dialog.mjs",
      "file": "@angular_material_dialog.js",
      "fileHash": "ccd5a5e9",
      "needsInterop": false
    },
    "@angular/material/form-field": {
      "src": "../../../../../node_modules/@angular/material/fesm2022/form-field.mjs",
      "file": "@angular_material_form-field.js",
      "fileHash": "aea8f3be",
      "needsInterop": false
    },
    "@angular/material/icon": {
      "src": "../../../../../node_modules/@angular/material/fesm2022/icon.mjs",
      "file": "@angular_material_icon.js",
      "fileHash": "65f1c82c",
      "needsInterop": false
    },
    "@angular/material/input": {
      "src": "../../../../../node_modules/@angular/material/fesm2022/input.mjs",
      "file": "@angular_material_input.js",
      "fileHash": "8bd48a87",
      "needsInterop": false
    },
    "@angular/material/list": {
      "src": "../../../../../node_modules/@angular/material/fesm2022/list.mjs",
      "file": "@angular_material_list.js",
      "fileHash": "68c26388",
      "needsInterop": false
    },
    "@angular/material/menu": {
      "src": "../../../../../node_modules/@angular/material/fesm2022/menu.mjs",
      "file": "@angular_material_menu.js",
      "fileHash": "89b36a9e",
      "needsInterop": false
    },
    "@angular/material/paginator": {
      "src": "../../../../../node_modules/@angular/material/fesm2022/paginator.mjs",
      "file": "@angular_material_paginator.js",
      "fileHash": "6b373986",
      "needsInterop": false
    },
    "@angular/material/snack-bar": {
      "src": "../../../../../node_modules/@angular/material/fesm2022/snack-bar.mjs",
      "file": "@angular_material_snack-bar.js",
      "fileHash": "084c5b29",
      "needsInterop": false
    },
    "@angular/material/table": {
      "src": "../../../../../node_modules/@angular/material/fesm2022/table.mjs",
      "file": "@angular_material_table.js",
      "fileHash": "112d7bf1",
      "needsInterop": false
    },
    "@angular/material/toolbar": {
      "src": "../../../../../node_modules/@angular/material/fesm2022/toolbar.mjs",
      "file": "@angular_material_toolbar.js",
      "fileHash": "dd86dbe5",
      "needsInterop": false
    },
    "@angular/platform-browser": {
      "src": "../../../../../node_modules/@angular/platform-browser/fesm2022/platform-browser.mjs",
      "file": "@angular_platform-browser.js",
      "fileHash": "7cfe8655",
      "needsInterop": false
    },
    "@angular/platform-browser/animations": {
      "src": "../../../../../node_modules/@angular/platform-browser/fesm2022/animations.mjs",
      "file": "@angular_platform-browser_animations.js",
      "fileHash": "d33d5ba2",
      "needsInterop": false
    },
    "@angular/router": {
      "src": "../../../../../node_modules/@angular/router/fesm2022/router.mjs",
      "file": "@angular_router.js",
      "fileHash": "79e1c2c0",
      "needsInterop": false
    },
    "js-base64": {
      "src": "../../../../../node_modules/js-base64/base64.mjs",
      "file": "js-base64.js",
      "fileHash": "3a4fecc8",
      "needsInterop": false
    },
    "jspdf": {
      "src": "../../../../../node_modules/jspdf/dist/jspdf.es.min.js",
      "file": "jspdf.js",
      "fileHash": "4aaa8919",
      "needsInterop": false
    },
    "jspdf-autotable": {
      "src": "../../../../../node_modules/jspdf-autotable/dist/jspdf.plugin.autotable.js",
      "file": "jspdf-autotable.js",
      "fileHash": "febfd932",
      "needsInterop": true
    },
    "ng2-charts": {
      "src": "../../../../../node_modules/ng2-charts/fesm2020/ng2-charts.mjs",
      "file": "ng2-charts.js",
      "fileHash": "c41f681e",
      "needsInterop": false
    },
    "papaparse": {
      "src": "../../../../../node_modules/papaparse/papaparse.min.js",
      "file": "papaparse.js",
      "fileHash": "7e5a8d7c",
      "needsInterop": true
    },
    "rxjs": {
      "src": "../../../../../node_modules/rxjs/dist/esm5/index.js",
      "file": "rxjs.js",
      "fileHash": "445c2dbb",
      "needsInterop": false
    },
    "rxjs/operators": {
      "src": "../../../../../node_modules/rxjs/dist/esm5/operators/index.js",
      "file": "rxjs_operators.js",
      "fileHash": "e278cb53",
      "needsInterop": false
    },
    "sockjs-client": {
      "src": "../../../../../node_modules/sockjs-client/lib/entry.js",
      "file": "sockjs-client.js",
      "fileHash": "fec35c4b",
      "needsInterop": true
    },
    "stompjs": {
      "src": "../../../../../node_modules/stompjs/index.js",
      "file": "stompjs.js",
      "fileHash": "9a32f5c7",
      "needsInterop": true
    },
    "xlsx": {
      "src": "../../../../../node_modules/xlsx/xlsx.mjs",
      "file": "xlsx.js",
      "fileHash": "1ffb08b6",
      "needsInterop": false
    },
    "xng-breadcrumb": {
      "src": "../../../../../node_modules/xng-breadcrumb/fesm2022/xng-breadcrumb.mjs",
      "file": "xng-breadcrumb.js",
      "fileHash": "36027ab6",
      "needsInterop": false
    }
  },
  "chunks": {
    "index.es-ORHZ5T4S": {
      "file": "index__es-ORHZ5T4S.js"
    },
    "html2canvas.esm-3YFDEXUX": {
      "file": "html2canvas__esm-3YFDEXUX.js"
    },
    "purify.es-LTBZXPFG": {
      "file": "purify__es-LTBZXPFG.js"
    },
    "chunk-DJBYWZEF": {
      "file": "chunk-DJBYWZEF.js"
    },
    "chunk-MAN4NYY2": {
      "file": "chunk-MAN4NYY2.js"
    },
    "chunk-ZHAU6KAL": {
      "file": "chunk-ZHAU6KAL.js"
    },
    "chunk-ZTJ6OW4G": {
      "file": "chunk-ZTJ6OW4G.js"
    },
    "chunk-LYQZSYHC": {
      "file": "chunk-LYQZSYHC.js"
    },
    "chunk-VPUCVHYI": {
      "file": "chunk-VPUCVHYI.js"
    },
    "chunk-QTWSAWX7": {
      "file": "chunk-QTWSAWX7.js"
    },
    "chunk-3RQ5KRYB": {
      "file": "chunk-3RQ5KRYB.js"
    },
    "chunk-SMM3JG7V": {
      "file": "chunk-SMM3JG7V.js"
    },
    "chunk-5JPRXQKW": {
      "file": "chunk-5JPRXQKW.js"
    },
    "chunk-C572IFO5": {
      "file": "chunk-C572IFO5.js"
    },
    "chunk-C6YNR27T": {
      "file": "chunk-C6YNR27T.js"
    },
    "chunk-DZCQHPGA": {
      "file": "chunk-DZCQHPGA.js"
    },
    "chunk-SFL7S376": {
      "file": "chunk-SFL7S376.js"
    },
    "chunk-DUV3ZHQV": {
      "file": "chunk-DUV3ZHQV.js"
    },
    "chunk-MJQNUHK2": {
      "file": "chunk-MJQNUHK2.js"
    },
    "chunk-MOY5LPCH": {
      "file": "chunk-MOY5LPCH.js"
    },
    "chunk-SAI3DHVA": {
      "file": "chunk-SAI3DHVA.js"
    },
    "chunk-IEMOZLTW": {
      "file": "chunk-IEMOZLTW.js"
    }
  }
}